-- Auto-generated demo seed for Cloudflare D1. Do not edit by hand.
-- Regenerate with: npm run setup && node scripts/export-seed-sql.mjs
PRAGMA defer_foreign_keys = TRUE;

INSERT INTO "User" ("id", "email", "name", "passwordHash", "role", "isActive", "staffId", "lastLoginAt", "failedLoginCount", "lockedUntil", "createdAt", "updatedAt") VALUES ('cmr6h0cjx001jhlcb9hwr7g8m', 'owner@josephandmikes.com', 'Joseph Pedulla', 'pbkdf2$100000$qS/7/FuMWFe2qItQSXklWg==$TWKeKZL3dlPfzW3fIcYydU/OHeP37hs9BBE7amPBf8Y=', 'OWNER', 1, 'cmr6h0cjb001fhlcbw6bp8j6m', NULL, 0, NULL, 1783176099981, 1783176099981);
INSERT INTO "User" ("id", "email", "name", "passwordHash", "role", "isActive", "staffId", "lastLoginAt", "failedLoginCount", "lockedUntil", "createdAt", "updatedAt") VALUES ('cmr6h0ckb001khlcbn2buqg7u', 'admin@test.com', 'Test Admin', 'pbkdf2$100000$Y8aX099U3rpyQsrmuNPG+g==$dgt0fMKXfNxZTS9yh+RFQblVWLt7k0loZzHPNiloB2U=', 'OWNER', 1, NULL, NULL, 0, NULL, 1783176099996, 1783176099996);

INSERT INTO "Staff" ("id", "name", "slug", "title", "bio", "photoUrl", "email", "phone", "color", "displayOrder", "isActive", "showOnPublicSite", "acceptsBookings", "createdAt", "updatedAt") VALUES ('cmr6h0cjb001fhlcbw6bp8j6m', 'Joseph Pedulla', 'joseph-pedulla', 'Master Barber & Owner', 'Jo took the reins from founder Mike and has shaped Milton''s heads for over 30 years. A perfectionist with the clippers and a master of the classic cut.', 'https://images.unsplash.com/photo-1622286342621-4bd786c2447c?auto=format&fit=crop&w=600&h=700&q=88', NULL, NULL, '#c4942b', 0, 1, 1, 1, 1783176099960, 1783176099960);
INSERT INTO "Staff" ("id", "name", "slug", "title", "bio", "photoUrl", "email", "phone", "color", "displayOrder", "isActive", "showOnPublicSite", "acceptsBookings", "createdAt", "updatedAt") VALUES ('cmr6h0cje001ghlcbv5hsiaku', 'Cosimo Pedulla', 'cosimo-pedulla', 'Barber & Fade Specialist', 'Third-generation barber bringing modern fades, sharp line-ups and contemporary styling to the family chair.', 'https://images.unsplash.com/photo-1599351431202-1e0f0137899a?auto=format&fit=crop&w=600&h=700&q=88', NULL, NULL, '#3b82f6', 1, 1, 1, 1, 1783176099963, 1783176099963);
INSERT INTO "Staff" ("id", "name", "slug", "title", "bio", "photoUrl", "email", "phone", "color", "displayOrder", "isActive", "showOnPublicSite", "acceptsBookings", "createdAt", "updatedAt") VALUES ('cmr6h0cjh001hhlcb9if7lzx8', 'Marco Bianchi', 'marco-bianchi', 'Barber', 'Ten years behind the chair with an eye for beard sculpting and the hot-towel straight razor shave.', 'https://images.unsplash.com/photo-1605497788044-5a32c7078486?auto=format&fit=crop&w=600&h=700&q=88', NULL, NULL, '#10b981', 2, 1, 1, 1, 1783176099966, 1783176099966);

INSERT INTO "ServiceCategory" ("id", "name", "slug", "description", "displayOrder", "isActive", "createdAt", "updatedAt") VALUES ('cmr6h0cnm003lhlcbgyexi2ki', 'Haircuts', 'haircuts', 'Classic to contemporary cuts', 0, 1, 1783176100114, 1783176100114);
INSERT INTO "ServiceCategory" ("id", "name", "slug", "description", "displayOrder", "isActive", "createdAt", "updatedAt") VALUES ('cmr6h0cnp003mhlcb6m3ouysa', 'Beard & Shave', 'beard-shave', 'Trims, sculpts and hot-towel shaves', 1, 1, 1783176100117, 1783176100117);
INSERT INTO "ServiceCategory" ("id", "name", "slug", "description", "displayOrder", "isActive", "createdAt", "updatedAt") VALUES ('cmr6h0cns003nhlcbisos3hy8', 'Combos', 'combos', 'The full treatment', 2, 1, 1783176100120, 1783176100120);
INSERT INTO "ServiceCategory" ("id", "name", "slug", "description", "displayOrder", "isActive", "createdAt", "updatedAt") VALUES ('cmr6h0cnv003ohlcbyfyqd6u4', 'Kids & Seniors', 'kids-seniors', 'Cuts for the whole family', 3, 1, 1783176100123, 1783176100123);

INSERT INTO "Service" ("id", "name", "slug", "description", "categoryId", "durationMin", "bufferBeforeMin", "bufferAfterMin", "priceCents", "depositCents", "imageUrl", "icon", "isActive", "showOnServicesPage", "isBookable", "isFeatured", "displayOrder", "createdAt", "updatedAt") VALUES ('cmr6h0cny003qhlcbuq7agtf7', 'Classic Haircut', 'classic-haircut', 'A timeless scissor-and-clipper cut tailored to you, finished with a hot-towel neck shave.', 'cmr6h0cnm003lhlcbgyexi2ki', 30, 0, 5, 3500, 0, 'https://images.unsplash.com/photo-1503951914875-452162b0f3f1?auto=format&fit=crop&w=800&h=600&q=88', 'scissors', 1, 1, 1, 0, 0, 1783176100127, 1783176100127);
INSERT INTO "Service" ("id", "name", "slug", "description", "categoryId", "durationMin", "bufferBeforeMin", "bufferAfterMin", "priceCents", "depositCents", "imageUrl", "icon", "isActive", "showOnServicesPage", "isBookable", "isFeatured", "displayOrder", "createdAt", "updatedAt") VALUES ('cmr6h0cof0041hlcb0wvp8p50', 'Low Taper Fade', 'low-taper-fade', 'Precision low-taper blended to skin for a crisp, modern finish.', 'cmr6h0cnm003lhlcbgyexi2ki', 45, 0, 5, 4000, 0, 'https://images.unsplash.com/photo-1599351431202-1e0f0137899a?auto=format&fit=crop&w=800&h=600&q=88', 'scissors', 1, 1, 1, 0, 1, 1783176100144, 1783176100144);
INSERT INTO "Service" ("id", "name", "slug", "description", "categoryId", "durationMin", "bufferBeforeMin", "bufferAfterMin", "priceCents", "depositCents", "imageUrl", "icon", "isActive", "showOnServicesPage", "isBookable", "isFeatured", "displayOrder", "createdAt", "updatedAt") VALUES ('cmr6h0cov004chlcbfabukpiq', 'Skin Fade', 'skin-fade', 'A sharp bald fade with seamless blending and a defined line-up.', 'cmr6h0cnm003lhlcbgyexi2ki', 45, 0, 5, 4200, 0, 'https://images.unsplash.com/photo-1521590832167-7bcbfaa6381f?auto=format&fit=crop&w=800&h=600&q=88', 'scissors', 1, 1, 1, 0, 2, 1783176100159, 1783176100159);
INSERT INTO "Service" ("id", "name", "slug", "description", "categoryId", "durationMin", "bufferBeforeMin", "bufferAfterMin", "priceCents", "depositCents", "imageUrl", "icon", "isActive", "showOnServicesPage", "isBookable", "isFeatured", "displayOrder", "createdAt", "updatedAt") VALUES ('cmr6h0cpa004nhlcbg0w4ju4k', 'Line-Up / Edge-Up', 'line-up', 'Clean up your hairline and edges between cuts.', 'cmr6h0cnm003lhlcbgyexi2ki', 15, 0, 0, 1500, 0, NULL, 'ruler', 1, 1, 1, 0, 3, 1783176100174, 1783176100174);
INSERT INTO "Service" ("id", "name", "slug", "description", "categoryId", "durationMin", "bufferBeforeMin", "bufferAfterMin", "priceCents", "depositCents", "imageUrl", "icon", "isActive", "showOnServicesPage", "isBookable", "isFeatured", "displayOrder", "createdAt", "updatedAt") VALUES ('cmr6h0cpn004vhlcbdekp6mqc', 'Beard Trim & Shape', 'beard-trim', 'Sculpted, lined and conditioned for a sharp, defined beard.', 'cmr6h0cnp003mhlcb6m3ouysa', 20, 0, 0, 2000, 0, 'https://images.unsplash.com/photo-1517832606299-7ae9b720a186?auto=format&fit=crop&w=800&h=600&q=88', 'wind', 1, 1, 1, 0, 4, 1783176100187, 1783176100187);
INSERT INTO "Service" ("id", "name", "slug", "description", "categoryId", "durationMin", "bufferBeforeMin", "bufferAfterMin", "priceCents", "depositCents", "imageUrl", "icon", "isActive", "showOnServicesPage", "isBookable", "isFeatured", "displayOrder", "createdAt", "updatedAt") VALUES ('cmr6h0cpz0053hlcbrut70b6a', 'Hot Towel Straight-Razor Shave', 'hot-towel-shave', 'The traditional experience — hot towels, rich lather and a straight-razor finish.', 'cmr6h0cnp003mhlcb6m3ouysa', 30, 0, 5, 3500, 0, 'https://images.unsplash.com/photo-1585747860715-2ba37e788b70?auto=format&fit=crop&w=800&h=600&q=88', 'droplet', 1, 1, 1, 0, 5, 1783176100200, 1783176100200);
INSERT INTO "Service" ("id", "name", "slug", "description", "categoryId", "durationMin", "bufferBeforeMin", "bufferAfterMin", "priceCents", "depositCents", "imageUrl", "icon", "isActive", "showOnServicesPage", "isBookable", "isFeatured", "displayOrder", "createdAt", "updatedAt") VALUES ('cmr6h0cqd005bhlcbj9hiz86u', 'Haircut + Beard', 'haircut-beard', 'Our signature combo: a full haircut paired with a sculpted beard trim.', 'cmr6h0cns003nhlcbisos3hy8', 60, 0, 5, 5500, 0, 'https://images.unsplash.com/photo-1622296089863-eb7fc530daa8?auto=format&fit=crop&w=800&h=600&q=88', 'sparkles', 1, 1, 1, 0, 6, 1783176100213, 1783176100213);
INSERT INTO "Service" ("id", "name", "slug", "description", "categoryId", "durationMin", "bufferBeforeMin", "bufferAfterMin", "priceCents", "depositCents", "imageUrl", "icon", "isActive", "showOnServicesPage", "isBookable", "isFeatured", "displayOrder", "createdAt", "updatedAt") VALUES ('cmr6h0cqp005jhlcbfwrxhxgz', 'Kids Cut (12 & under)', 'kids-cut', 'Patient, friendly cuts for the little ones.', 'cmr6h0cnv003ohlcbyfyqd6u4', 30, 0, 0, 2500, 0, NULL, 'baby', 1, 1, 1, 0, 7, 1783176100225, 1783176100225);
INSERT INTO "Service" ("id", "name", "slug", "description", "categoryId", "durationMin", "bufferBeforeMin", "bufferAfterMin", "priceCents", "depositCents", "imageUrl", "icon", "isActive", "showOnServicesPage", "isBookable", "isFeatured", "displayOrder", "createdAt", "updatedAt") VALUES ('cmr6h0cqz005phlcbeq8o04ws', 'Senior Cut (65+)', 'senior-cut', 'A classic cut at a classic price.', 'cmr6h0cnv003ohlcbyfyqd6u4', 30, 0, 0, 2500, 0, NULL, 'user', 1, 1, 1, 0, 8, 1783176100235, 1783176100235);

INSERT INTO "ServiceStaff" ("id", "serviceId", "staffId") VALUES ('cmr6h0co2003shlcbchw8xfzi', 'cmr6h0cny003qhlcbuq7agtf7', 'cmr6h0cjb001fhlcbw6bp8j6m');
INSERT INTO "ServiceStaff" ("id", "serviceId", "staffId") VALUES ('cmr6h0co5003uhlcbqzf1domt', 'cmr6h0cny003qhlcbuq7agtf7', 'cmr6h0cje001ghlcbv5hsiaku');
INSERT INTO "ServiceStaff" ("id", "serviceId", "staffId") VALUES ('cmr6h0co9003whlcbt5xzvcy1', 'cmr6h0cny003qhlcbuq7agtf7', 'cmr6h0cjh001hhlcb9if7lzx8');
INSERT INTO "ServiceStaff" ("id", "serviceId", "staffId") VALUES ('cmr6h0coi0043hlcb6nfzipwg', 'cmr6h0cof0041hlcb0wvp8p50', 'cmr6h0cjb001fhlcbw6bp8j6m');
INSERT INTO "ServiceStaff" ("id", "serviceId", "staffId") VALUES ('cmr6h0col0045hlcbbc27gtxu', 'cmr6h0cof0041hlcb0wvp8p50', 'cmr6h0cje001ghlcbv5hsiaku');
INSERT INTO "ServiceStaff" ("id", "serviceId", "staffId") VALUES ('cmr6h0cop0047hlcb7881j0tc', 'cmr6h0cof0041hlcb0wvp8p50', 'cmr6h0cjh001hhlcb9if7lzx8');
INSERT INTO "ServiceStaff" ("id", "serviceId", "staffId") VALUES ('cmr6h0coy004ehlcbglou6qup', 'cmr6h0cov004chlcbfabukpiq', 'cmr6h0cjb001fhlcbw6bp8j6m');
INSERT INTO "ServiceStaff" ("id", "serviceId", "staffId") VALUES ('cmr6h0cp1004ghlcbjlz6jgvq', 'cmr6h0cov004chlcbfabukpiq', 'cmr6h0cje001ghlcbv5hsiaku');
INSERT INTO "ServiceStaff" ("id", "serviceId", "staffId") VALUES ('cmr6h0cp4004ihlcbm1lmdykt', 'cmr6h0cov004chlcbfabukpiq', 'cmr6h0cjh001hhlcb9if7lzx8');
INSERT INTO "ServiceStaff" ("id", "serviceId", "staffId") VALUES ('cmr6h0cpd004phlcbgzq73420', 'cmr6h0cpa004nhlcbg0w4ju4k', 'cmr6h0cjb001fhlcbw6bp8j6m');
INSERT INTO "ServiceStaff" ("id", "serviceId", "staffId") VALUES ('cmr6h0cpg004rhlcbykczyjli', 'cmr6h0cpa004nhlcbg0w4ju4k', 'cmr6h0cje001ghlcbv5hsiaku');
INSERT INTO "ServiceStaff" ("id", "serviceId", "staffId") VALUES ('cmr6h0cpk004thlcbidq8v7kq', 'cmr6h0cpa004nhlcbg0w4ju4k', 'cmr6h0cjh001hhlcb9if7lzx8');
INSERT INTO "ServiceStaff" ("id", "serviceId", "staffId") VALUES ('cmr6h0cpq004xhlcbev0mjmzx', 'cmr6h0cpn004vhlcbdekp6mqc', 'cmr6h0cjb001fhlcbw6bp8j6m');
INSERT INTO "ServiceStaff" ("id", "serviceId", "staffId") VALUES ('cmr6h0cpt004zhlcbesov32vw', 'cmr6h0cpn004vhlcbdekp6mqc', 'cmr6h0cje001ghlcbv5hsiaku');
INSERT INTO "ServiceStaff" ("id", "serviceId", "staffId") VALUES ('cmr6h0cpw0051hlcbgpptxnvj', 'cmr6h0cpn004vhlcbdekp6mqc', 'cmr6h0cjh001hhlcb9if7lzx8');
INSERT INTO "ServiceStaff" ("id", "serviceId", "staffId") VALUES ('cmr6h0cq30055hlcbn5jxafvv', 'cmr6h0cpz0053hlcbrut70b6a', 'cmr6h0cjb001fhlcbw6bp8j6m');
INSERT INTO "ServiceStaff" ("id", "serviceId", "staffId") VALUES ('cmr6h0cq60057hlcb05xsuab4', 'cmr6h0cpz0053hlcbrut70b6a', 'cmr6h0cje001ghlcbv5hsiaku');
INSERT INTO "ServiceStaff" ("id", "serviceId", "staffId") VALUES ('cmr6h0cq90059hlcbo4n4x4oz', 'cmr6h0cpz0053hlcbrut70b6a', 'cmr6h0cjh001hhlcb9if7lzx8');
INSERT INTO "ServiceStaff" ("id", "serviceId", "staffId") VALUES ('cmr6h0cqg005dhlcbbx4g9wd1', 'cmr6h0cqd005bhlcbj9hiz86u', 'cmr6h0cjb001fhlcbw6bp8j6m');
INSERT INTO "ServiceStaff" ("id", "serviceId", "staffId") VALUES ('cmr6h0cqj005fhlcbmp3e3kdg', 'cmr6h0cqd005bhlcbj9hiz86u', 'cmr6h0cje001ghlcbv5hsiaku');
INSERT INTO "ServiceStaff" ("id", "serviceId", "staffId") VALUES ('cmr6h0cqm005hhlcbl31s6lu9', 'cmr6h0cqd005bhlcbj9hiz86u', 'cmr6h0cjh001hhlcb9if7lzx8');
INSERT INTO "ServiceStaff" ("id", "serviceId", "staffId") VALUES ('cmr6h0cqs005lhlcbdl95w8lo', 'cmr6h0cqp005jhlcbfwrxhxgz', 'cmr6h0cje001ghlcbv5hsiaku');
INSERT INTO "ServiceStaff" ("id", "serviceId", "staffId") VALUES ('cmr6h0cqv005nhlcbhxbmf9rc', 'cmr6h0cqp005jhlcbfwrxhxgz', 'cmr6h0cjh001hhlcb9if7lzx8');
INSERT INTO "ServiceStaff" ("id", "serviceId", "staffId") VALUES ('cmr6h0cr2005rhlcb8smnjj4j', 'cmr6h0cqz005phlcbeq8o04ws', 'cmr6h0cjb001fhlcbw6bp8j6m');
INSERT INTO "ServiceStaff" ("id", "serviceId", "staffId") VALUES ('cmr6h0cr5005thlcbifyrhppx', 'cmr6h0cqz005phlcbeq8o04ws', 'cmr6h0cje001ghlcbv5hsiaku');
INSERT INTO "ServiceStaff" ("id", "serviceId", "staffId") VALUES ('cmr6h0cr8005vhlcbthxz4mj3', 'cmr6h0cqz005phlcbeq8o04ws', 'cmr6h0cjh001hhlcb9if7lzx8');

INSERT INTO "ServiceAddon" ("id", "serviceId", "name", "priceCents", "durationMin", "isActive", "displayOrder") VALUES ('cmr6h0coc003xhlcbppzoqgr7', 'cmr6h0cny003qhlcbuq7agtf7', 'Hot Towel Finish', 500, 5, 1, 0);
INSERT INTO "ServiceAddon" ("id", "serviceId", "name", "priceCents", "durationMin", "isActive", "displayOrder") VALUES ('cmr6h0coc003yhlcbp07ti5eh', 'cmr6h0cny003qhlcbuq7agtf7', 'Beard Line-Up', 1000, 10, 1, 1);
INSERT INTO "ServiceAddon" ("id", "serviceId", "name", "priceCents", "durationMin", "isActive", "displayOrder") VALUES ('cmr6h0coc003zhlcbqtbkeg3y', 'cmr6h0cny003qhlcbuq7agtf7', 'Grey Blending', 1500, 15, 1, 2);
INSERT INTO "ServiceAddon" ("id", "serviceId", "name", "priceCents", "durationMin", "isActive", "displayOrder") VALUES ('cmr6h0cos0048hlcbqq2qe6kk', 'cmr6h0cof0041hlcb0wvp8p50', 'Hot Towel Finish', 500, 5, 1, 0);
INSERT INTO "ServiceAddon" ("id", "serviceId", "name", "priceCents", "durationMin", "isActive", "displayOrder") VALUES ('cmr6h0cos0049hlcbv4ny45tm', 'cmr6h0cof0041hlcb0wvp8p50', 'Beard Line-Up', 1000, 10, 1, 1);
INSERT INTO "ServiceAddon" ("id", "serviceId", "name", "priceCents", "durationMin", "isActive", "displayOrder") VALUES ('cmr6h0cos004ahlcbh1tvh94h', 'cmr6h0cof0041hlcb0wvp8p50', 'Grey Blending', 1500, 15, 1, 2);
INSERT INTO "ServiceAddon" ("id", "serviceId", "name", "priceCents", "durationMin", "isActive", "displayOrder") VALUES ('cmr6h0cp7004jhlcb13zt6rwg', 'cmr6h0cov004chlcbfabukpiq', 'Hot Towel Finish', 500, 5, 1, 0);
INSERT INTO "ServiceAddon" ("id", "serviceId", "name", "priceCents", "durationMin", "isActive", "displayOrder") VALUES ('cmr6h0cp7004khlcbuum55sf6', 'cmr6h0cov004chlcbfabukpiq', 'Beard Line-Up', 1000, 10, 1, 1);
INSERT INTO "ServiceAddon" ("id", "serviceId", "name", "priceCents", "durationMin", "isActive", "displayOrder") VALUES ('cmr6h0cp7004lhlcb34skli13', 'cmr6h0cov004chlcbfabukpiq', 'Grey Blending', 1500, 15, 1, 2);

INSERT INTO "BusinessHour" ("id", "dayOfWeek", "isOpen", "openMinute", "closeMinute") VALUES ('cmr6h0cip0018hlcba3vt409g', 0, 0, 0, 0);
INSERT INTO "BusinessHour" ("id", "dayOfWeek", "isOpen", "openMinute", "closeMinute") VALUES ('cmr6h0cis0019hlcb0293z96j', 1, 0, 0, 0);
INSERT INTO "BusinessHour" ("id", "dayOfWeek", "isOpen", "openMinute", "closeMinute") VALUES ('cmr6h0civ001ahlcbfeoslsc0', 2, 1, 540, 1080);
INSERT INTO "BusinessHour" ("id", "dayOfWeek", "isOpen", "openMinute", "closeMinute") VALUES ('cmr6h0ciy001bhlcb2smj8isk', 3, 1, 540, 1080);
INSERT INTO "BusinessHour" ("id", "dayOfWeek", "isOpen", "openMinute", "closeMinute") VALUES ('cmr6h0cj1001chlcbt1029lhf', 4, 1, 540, 1140);
INSERT INTO "BusinessHour" ("id", "dayOfWeek", "isOpen", "openMinute", "closeMinute") VALUES ('cmr6h0cj4001dhlcbtsgtp2qj', 5, 1, 510, 1080);
INSERT INTO "BusinessHour" ("id", "dayOfWeek", "isOpen", "openMinute", "closeMinute") VALUES ('cmr6h0cj7001ehlcbiz8s0msv', 6, 1, 480, 960);

INSERT INTO "StaffHour" ("id", "staffId", "dayOfWeek", "isWorking", "startMinute", "endMinute") VALUES ('cmr6h0ckf001mhlcbv01yi5pw', 'cmr6h0cjb001fhlcbw6bp8j6m', 0, 0, 0, 0);
INSERT INTO "StaffHour" ("id", "staffId", "dayOfWeek", "isWorking", "startMinute", "endMinute") VALUES ('cmr6h0ckj001ohlcbxnqc9wk4', 'cmr6h0cjb001fhlcbw6bp8j6m', 1, 0, 0, 0);
INSERT INTO "StaffHour" ("id", "staffId", "dayOfWeek", "isWorking", "startMinute", "endMinute") VALUES ('cmr6h0ckm001qhlcbgws6os2n', 'cmr6h0cjb001fhlcbw6bp8j6m', 2, 1, 540, 1080);
INSERT INTO "StaffHour" ("id", "staffId", "dayOfWeek", "isWorking", "startMinute", "endMinute") VALUES ('cmr6h0ckp001shlcbyt4z6kct', 'cmr6h0cjb001fhlcbw6bp8j6m', 3, 1, 540, 1080);
INSERT INTO "StaffHour" ("id", "staffId", "dayOfWeek", "isWorking", "startMinute", "endMinute") VALUES ('cmr6h0cks001uhlcb6uwj458o', 'cmr6h0cjb001fhlcbw6bp8j6m', 4, 1, 540, 1140);
INSERT INTO "StaffHour" ("id", "staffId", "dayOfWeek", "isWorking", "startMinute", "endMinute") VALUES ('cmr6h0ckv001whlcb220anyfe', 'cmr6h0cjb001fhlcbw6bp8j6m', 5, 1, 510, 1080);
INSERT INTO "StaffHour" ("id", "staffId", "dayOfWeek", "isWorking", "startMinute", "endMinute") VALUES ('cmr6h0cky001yhlcbu20d0zto', 'cmr6h0cjb001fhlcbw6bp8j6m', 6, 1, 480, 960);
INSERT INTO "StaffHour" ("id", "staffId", "dayOfWeek", "isWorking", "startMinute", "endMinute") VALUES ('cmr6h0cl10020hlcbz4l7srap', 'cmr6h0cje001ghlcbv5hsiaku', 0, 0, 0, 0);
INSERT INTO "StaffHour" ("id", "staffId", "dayOfWeek", "isWorking", "startMinute", "endMinute") VALUES ('cmr6h0cl40022hlcbrcf99pfm', 'cmr6h0cje001ghlcbv5hsiaku', 1, 0, 0, 0);
INSERT INTO "StaffHour" ("id", "staffId", "dayOfWeek", "isWorking", "startMinute", "endMinute") VALUES ('cmr6h0cl70024hlcbmnzn3omn', 'cmr6h0cje001ghlcbv5hsiaku', 2, 1, 540, 1080);
INSERT INTO "StaffHour" ("id", "staffId", "dayOfWeek", "isWorking", "startMinute", "endMinute") VALUES ('cmr6h0clb0026hlcbfs4f1f8n', 'cmr6h0cje001ghlcbv5hsiaku', 3, 0, 540, 1080);
INSERT INTO "StaffHour" ("id", "staffId", "dayOfWeek", "isWorking", "startMinute", "endMinute") VALUES ('cmr6h0cle0028hlcb6a8yphha', 'cmr6h0cje001ghlcbv5hsiaku', 4, 1, 540, 1140);
INSERT INTO "StaffHour" ("id", "staffId", "dayOfWeek", "isWorking", "startMinute", "endMinute") VALUES ('cmr6h0clh002ahlcbk6x1fo5f', 'cmr6h0cje001ghlcbv5hsiaku', 5, 1, 510, 1080);
INSERT INTO "StaffHour" ("id", "staffId", "dayOfWeek", "isWorking", "startMinute", "endMinute") VALUES ('cmr6h0clk002chlcbv23nek2t', 'cmr6h0cje001ghlcbv5hsiaku', 6, 1, 480, 960);
INSERT INTO "StaffHour" ("id", "staffId", "dayOfWeek", "isWorking", "startMinute", "endMinute") VALUES ('cmr6h0clo002ehlcbe0dbsl6u', 'cmr6h0cjh001hhlcb9if7lzx8', 0, 0, 0, 0);
INSERT INTO "StaffHour" ("id", "staffId", "dayOfWeek", "isWorking", "startMinute", "endMinute") VALUES ('cmr6h0clt002ghlcbz4dkl9ez', 'cmr6h0cjh001hhlcb9if7lzx8', 1, 0, 0, 0);
INSERT INTO "StaffHour" ("id", "staffId", "dayOfWeek", "isWorking", "startMinute", "endMinute") VALUES ('cmr6h0clw002ihlcbh30zcf0u', 'cmr6h0cjh001hhlcb9if7lzx8', 2, 1, 540, 1080);
INSERT INTO "StaffHour" ("id", "staffId", "dayOfWeek", "isWorking", "startMinute", "endMinute") VALUES ('cmr6h0clz002khlcb1uvvrn1o', 'cmr6h0cjh001hhlcb9if7lzx8', 3, 1, 540, 1080);
INSERT INTO "StaffHour" ("id", "staffId", "dayOfWeek", "isWorking", "startMinute", "endMinute") VALUES ('cmr6h0cm3002mhlcb67802xd7', 'cmr6h0cjh001hhlcb9if7lzx8', 4, 0, 540, 1140);
INSERT INTO "StaffHour" ("id", "staffId", "dayOfWeek", "isWorking", "startMinute", "endMinute") VALUES ('cmr6h0cm6002ohlcbeg9w3b8s', 'cmr6h0cjh001hhlcb9if7lzx8', 5, 1, 510, 1080);
INSERT INTO "StaffHour" ("id", "staffId", "dayOfWeek", "isWorking", "startMinute", "endMinute") VALUES ('cmr6h0cma002qhlcb2fq8hbyt', 'cmr6h0cjh001hhlcb9if7lzx8', 6, 1, 480, 960);

INSERT INTO "Break" ("id", "staffId", "dayOfWeek", "startMinute", "endMinute", "title") VALUES ('cmr6h0cmd002shlcb68tpsx52', 'cmr6h0cjb001fhlcbw6bp8j6m', 2, 750, 780, 'Lunch');
INSERT INTO "Break" ("id", "staffId", "dayOfWeek", "startMinute", "endMinute", "title") VALUES ('cmr6h0cmg002uhlcbxoj6c02v', 'cmr6h0cjb001fhlcbw6bp8j6m', 3, 750, 780, 'Lunch');
INSERT INTO "Break" ("id", "staffId", "dayOfWeek", "startMinute", "endMinute", "title") VALUES ('cmr6h0cmj002whlcbmth5n2ni', 'cmr6h0cjb001fhlcbw6bp8j6m', 4, 750, 780, 'Lunch');
INSERT INTO "Break" ("id", "staffId", "dayOfWeek", "startMinute", "endMinute", "title") VALUES ('cmr6h0cmm002yhlcb20il5o22', 'cmr6h0cjb001fhlcbw6bp8j6m', 5, 750, 780, 'Lunch');
INSERT INTO "Break" ("id", "staffId", "dayOfWeek", "startMinute", "endMinute", "title") VALUES ('cmr6h0cmp0030hlcbjwccqb8e', 'cmr6h0cjb001fhlcbw6bp8j6m', 6, 750, 780, 'Lunch');
INSERT INTO "Break" ("id", "staffId", "dayOfWeek", "startMinute", "endMinute", "title") VALUES ('cmr6h0cms0032hlcbuqghvq83', 'cmr6h0cje001ghlcbv5hsiaku', 2, 750, 780, 'Lunch');
INSERT INTO "Break" ("id", "staffId", "dayOfWeek", "startMinute", "endMinute", "title") VALUES ('cmr6h0cmv0034hlcbl2gtmyac', 'cmr6h0cje001ghlcbv5hsiaku', 3, 750, 780, 'Lunch');
INSERT INTO "Break" ("id", "staffId", "dayOfWeek", "startMinute", "endMinute", "title") VALUES ('cmr6h0cmy0036hlcbgw4wvgh6', 'cmr6h0cje001ghlcbv5hsiaku', 4, 750, 780, 'Lunch');
INSERT INTO "Break" ("id", "staffId", "dayOfWeek", "startMinute", "endMinute", "title") VALUES ('cmr6h0cn10038hlcbw02xq0ur', 'cmr6h0cje001ghlcbv5hsiaku', 5, 750, 780, 'Lunch');
INSERT INTO "Break" ("id", "staffId", "dayOfWeek", "startMinute", "endMinute", "title") VALUES ('cmr6h0cn4003ahlcbujrdjl1t', 'cmr6h0cje001ghlcbv5hsiaku', 6, 750, 780, 'Lunch');
INSERT INTO "Break" ("id", "staffId", "dayOfWeek", "startMinute", "endMinute", "title") VALUES ('cmr6h0cn7003chlcbjgdqdtwf', 'cmr6h0cjh001hhlcb9if7lzx8', 2, 750, 780, 'Lunch');
INSERT INTO "Break" ("id", "staffId", "dayOfWeek", "startMinute", "endMinute", "title") VALUES ('cmr6h0cna003ehlcbg1ijafmf', 'cmr6h0cjh001hhlcb9if7lzx8', 3, 750, 780, 'Lunch');
INSERT INTO "Break" ("id", "staffId", "dayOfWeek", "startMinute", "endMinute", "title") VALUES ('cmr6h0cnd003ghlcbo0sautpw', 'cmr6h0cjh001hhlcb9if7lzx8', 4, 750, 780, 'Lunch');
INSERT INTO "Break" ("id", "staffId", "dayOfWeek", "startMinute", "endMinute", "title") VALUES ('cmr6h0cng003ihlcbr5xu0fdt', 'cmr6h0cjh001hhlcb9if7lzx8', 5, 750, 780, 'Lunch');
INSERT INTO "Break" ("id", "staffId", "dayOfWeek", "startMinute", "endMinute", "title") VALUES ('cmr6h0cnj003khlcbi8zrw3b9', 'cmr6h0cjh001hhlcb9if7lzx8', 6, 750, 780, 'Lunch');

INSERT INTO "Closure" ("id", "title", "type", "startDate", "endDate", "staffId", "note", "createdAt") VALUES ('cmr6h0crb005whlcbr8qz5tsr', 'Canada Day', 'holiday', '2026-07-01', '2026-07-01', NULL, 'Closed for the holiday', 1783176100248);
INSERT INTO "Closure" ("id", "title", "type", "startDate", "endDate", "staffId", "note", "createdAt") VALUES ('cmr6h0crf005yhlcbbe576ngm', 'Marco — Vacation', 'vacation', '2026-08-10', '2026-08-17', 'cmr6h0cjh001hhlcb9if7lzx8', NULL, 1783176100251);

INSERT INTO "ProductCategory" ("id", "name", "slug", "description", "displayOrder", "isActive", "createdAt", "updatedAt") VALUES ('cmr6h0cri005zhlcbfbx07alo', 'Hair', 'hair', NULL, 0, 1, 1783176100255, 1783176100255);
INSERT INTO "ProductCategory" ("id", "name", "slug", "description", "displayOrder", "isActive", "createdAt", "updatedAt") VALUES ('cmr6h0crl0060hlcb2sfm6vqo', 'Beard', 'beard', NULL, 1, 1, 1783176100258, 1783176100258);
INSERT INTO "ProductCategory" ("id", "name", "slug", "description", "displayOrder", "isActive", "createdAt", "updatedAt") VALUES ('cmr6h0cro0061hlcbchbuxa78', 'Tools', 'tools', NULL, 2, 1, 1783176100260, 1783176100260);

INSERT INTO "Product" ("id", "name", "slug", "description", "categoryId", "priceCents", "salePriceCents", "sku", "stock", "trackInventory", "lowStockThreshold", "isActive", "isFeatured", "displayOrder", "createdAt", "updatedAt") VALUES ('cmr6h0crr0063hlcb99rnvnck', 'Signature Matte Pomade', 'matte-pomade', 'Strong hold, matte finish, all-day control. Water-based and easy to wash out.', 'cmr6h0cri005zhlcbfbx07alo', 2400, NULL, NULL, 40, 1, 3, 1, 1, 0, 1783176100264, 1783176100264);
INSERT INTO "Product" ("id", "name", "slug", "description", "categoryId", "priceCents", "salePriceCents", "sku", "stock", "trackInventory", "lowStockThreshold", "isActive", "isFeatured", "displayOrder", "createdAt", "updatedAt") VALUES ('cmr6h0cs4006bhlcbwoqaguc0', 'Classic Pomade (High Shine)', 'classic-pomade', 'Old-school high-shine hold for slick, classic styles.', 'cmr6h0cri005zhlcbfbx07alo', 2200, 1800, NULL, 30, 1, 3, 1, 1, 0, 1783176100276, 1783176100276);
INSERT INTO "Product" ("id", "name", "slug", "description", "categoryId", "priceCents", "salePriceCents", "sku", "stock", "trackInventory", "lowStockThreshold", "isActive", "isFeatured", "displayOrder", "createdAt", "updatedAt") VALUES ('cmr6h0csa006fhlcbbze7ty23', 'Sea Salt Texture Spray', 'sea-salt-spray', 'Effortless texture and matte volume for a lived-in look.', 'cmr6h0cri005zhlcbfbx07alo', 2000, NULL, NULL, 22, 1, 3, 1, 0, 0, 1783176100282, 1783176100282);
INSERT INTO "Product" ("id", "name", "slug", "description", "categoryId", "priceCents", "salePriceCents", "sku", "stock", "trackInventory", "lowStockThreshold", "isActive", "isFeatured", "displayOrder", "createdAt", "updatedAt") VALUES ('cmr6h0csg006jhlcb6uenyd64', 'Cedar & Spice Beard Oil', 'beard-oil', 'Conditioning beard oil that softens and tames with a warm cedar scent.', 'cmr6h0crl0060hlcb2sfm6vqo', 2600, NULL, NULL, 35, 1, 3, 1, 1, 0, 1783176100289, 1783176100289);
INSERT INTO "Product" ("id", "name", "slug", "description", "categoryId", "priceCents", "salePriceCents", "sku", "stock", "trackInventory", "lowStockThreshold", "isActive", "isFeatured", "displayOrder", "createdAt", "updatedAt") VALUES ('cmr6h0cst006rhlcb8j7ry74y', 'Beard Balm', 'beard-balm', 'Light hold balm that shapes and nourishes a fuller beard.', 'cmr6h0crl0060hlcb2sfm6vqo', 2400, NULL, NULL, 28, 1, 3, 1, 0, 0, 1783176100301, 1783176100301);
INSERT INTO "Product" ("id", "name", "slug", "description", "categoryId", "priceCents", "salePriceCents", "sku", "stock", "trackInventory", "lowStockThreshold", "isActive", "isFeatured", "displayOrder", "createdAt", "updatedAt") VALUES ('cmr6h0csz006vhlcbs96vaspt', 'Boar Bristle Brush', 'boar-bristle-brush', 'Premium boar-bristle brush for distributing oils and taming flyaways.', 'cmr6h0cro0061hlcbchbuxa78', 3200, NULL, NULL, 14, 1, 3, 1, 0, 0, 1783176100307, 1783176100307);
INSERT INTO "Product" ("id", "name", "slug", "description", "categoryId", "priceCents", "salePriceCents", "sku", "stock", "trackInventory", "lowStockThreshold", "isActive", "isFeatured", "displayOrder", "createdAt", "updatedAt") VALUES ('cmr6h0ct5006zhlcbki6blcgi', 'Carbon Styling Comb', 'styling-comb', 'Anti-static heat-resistant carbon comb. A barber''s everyday essential.', 'cmr6h0cro0061hlcbchbuxa78', 1200, NULL, NULL, 50, 1, 3, 1, 0, 0, 1783176100314, 1783176100314);
INSERT INTO "Product" ("id", "name", "slug", "description", "categoryId", "priceCents", "salePriceCents", "sku", "stock", "trackInventory", "lowStockThreshold", "isActive", "isFeatured", "displayOrder", "createdAt", "updatedAt") VALUES ('cmr6h0ctc0073hlcbn9lw4605', 'Aftershave Balm', 'aftershave-balm', 'Soothing alcohol-free balm to calm skin after the shave.', 'cmr6h0crl0060hlcb2sfm6vqo', 2100, NULL, NULL, 4, 1, 5, 1, 0, 0, 1783176100321, 1783176100321);

INSERT INTO "ProductImage" ("id", "productId", "url", "alt", "displayOrder") VALUES ('cmr6h0cru0065hlcbyqaxvu84', 'cmr6h0crr0063hlcb99rnvnck', 'https://images.unsplash.com/photo-1596462502278-27bfdc403348?auto=format&fit=crop&w=600&h=600&q=88', 'Signature Matte Pomade', 0);
INSERT INTO "ProductImage" ("id", "productId", "url", "alt", "displayOrder") VALUES ('cmr6h0cs7006dhlcbravw55hp', 'cmr6h0cs4006bhlcbwoqaguc0', 'https://images.unsplash.com/photo-1522335789203-aabd1fc54bc9?auto=format&fit=crop&w=600&h=600&q=88', 'Classic Pomade (High Shine)', 0);
INSERT INTO "ProductImage" ("id", "productId", "url", "alt", "displayOrder") VALUES ('cmr6h0csd006hhlcblm4rkpdp', 'cmr6h0csa006fhlcbbze7ty23', 'https://images.unsplash.com/photo-1556228578-8c89e6adf883?auto=format&fit=crop&w=600&h=600&q=88', 'Sea Salt Texture Spray', 0);
INSERT INTO "ProductImage" ("id", "productId", "url", "alt", "displayOrder") VALUES ('cmr6h0csj006lhlcbcmjojzfh', 'cmr6h0csg006jhlcb6uenyd64', 'https://images.unsplash.com/photo-1621607512214-68297480165e?auto=format&fit=crop&w=600&h=600&q=88', 'Cedar & Spice Beard Oil', 0);
INSERT INTO "ProductImage" ("id", "productId", "url", "alt", "displayOrder") VALUES ('cmr6h0csw006thlcbmx9f26l6', 'cmr6h0cst006rhlcb8j7ry74y', 'https://images.unsplash.com/photo-1585386959984-a4155224a1ad?auto=format&fit=crop&w=600&h=600&q=88', 'Beard Balm', 0);
INSERT INTO "ProductImage" ("id", "productId", "url", "alt", "displayOrder") VALUES ('cmr6h0ct2006xhlcbbrrroyij', 'cmr6h0csz006vhlcbs96vaspt', 'https://images.unsplash.com/photo-1590439471364-192aa70c0b53?auto=format&fit=crop&w=600&h=600&q=88', 'Boar Bristle Brush', 0);
INSERT INTO "ProductImage" ("id", "productId", "url", "alt", "displayOrder") VALUES ('cmr6h0ct90071hlcbjfxc4ni3', 'cmr6h0ct5006zhlcbki6blcgi', 'https://images.unsplash.com/photo-1512496015851-a90fb38ba796?auto=format&fit=crop&w=600&h=600&q=88', 'Carbon Styling Comb', 0);
INSERT INTO "ProductImage" ("id", "productId", "url", "alt", "displayOrder") VALUES ('cmr6h0ctg0075hlcbu7rwzjdu', 'cmr6h0ctc0073hlcbn9lw4605', 'https://images.unsplash.com/photo-1608248543803-ba4f8c70ae0b?auto=format&fit=crop&w=600&h=600&q=88', 'Aftershave Balm', 0);

INSERT INTO "ProductVariant" ("id", "productId", "name", "value", "priceDeltaCents", "stock", "sku") VALUES ('cmr6h0crx0067hlcbvxjd7j6h', 'cmr6h0crr0063hlcb99rnvnck', 'Size', '100ml', 0, 25, NULL);
INSERT INTO "ProductVariant" ("id", "productId", "name", "value", "priceDeltaCents", "stock", "sku") VALUES ('cmr6h0cs00069hlcbibhn0ojo', 'cmr6h0crr0063hlcb99rnvnck', 'Size', '200ml', 1200, 15, NULL);
INSERT INTO "ProductVariant" ("id", "productId", "name", "value", "priceDeltaCents", "stock", "sku") VALUES ('cmr6h0csm006nhlcbrgcm0s5o', 'cmr6h0csg006jhlcb6uenyd64', 'Scent', 'Cedar & Spice', 0, 18, NULL);
INSERT INTO "ProductVariant" ("id", "productId", "name", "value", "priceDeltaCents", "stock", "sku") VALUES ('cmr6h0csp006phlcbof8m8wgt', 'cmr6h0csg006jhlcb6uenyd64', 'Scent', 'Sandalwood', 0, 17, NULL);

INSERT INTO "GalleryImage" ("id", "url", "title", "caption", "category", "alt", "displayOrder", "isActive", "isFeatured", "createdAt") VALUES ('cmr6h0ctj0076hlcbx3ni6flp', 'https://images.unsplash.com/photo-1503951914875-452162b0f3f1?auto=format&fit=crop&w=800&h=800&q=88', NULL, NULL, 'Cuts', 'Barbershop work', 0, 1, 0, 1783176100327);
INSERT INTO "GalleryImage" ("id", "url", "title", "caption", "category", "alt", "displayOrder", "isActive", "isFeatured", "createdAt") VALUES ('cmr6h0ctj0077hlcbn0u82oxy', 'https://images.unsplash.com/photo-1599351431202-1e0f0137899a?auto=format&fit=crop&w=800&h=800&q=88', NULL, NULL, 'Shop', 'Barbershop work', 1, 1, 0, 1783176100327);
INSERT INTO "GalleryImage" ("id", "url", "title", "caption", "category", "alt", "displayOrder", "isActive", "isFeatured", "createdAt") VALUES ('cmr6h0ctj0078hlcb6nru2kdf', 'https://images.unsplash.com/photo-1521590832167-7bcbfaa6381f?auto=format&fit=crop&w=800&h=800&q=88', NULL, NULL, 'Cuts', 'Barbershop work', 2, 1, 0, 1783176100327);
INSERT INTO "GalleryImage" ("id", "url", "title", "caption", "category", "alt", "displayOrder", "isActive", "isFeatured", "createdAt") VALUES ('cmr6h0ctj0079hlcb5swfgdy9', 'https://images.unsplash.com/photo-1517832606299-7ae9b720a186?auto=format&fit=crop&w=800&h=800&q=88', NULL, NULL, 'Shop', 'Barbershop work', 3, 1, 0, 1783176100327);
INSERT INTO "GalleryImage" ("id", "url", "title", "caption", "category", "alt", "displayOrder", "isActive", "isFeatured", "createdAt") VALUES ('cmr6h0ctj007ahlcbhqkjhr3s', 'https://images.unsplash.com/photo-1585747860715-2ba37e788b70?auto=format&fit=crop&w=800&h=800&q=88', NULL, NULL, 'Cuts', 'Barbershop work', 4, 1, 0, 1783176100327);
INSERT INTO "GalleryImage" ("id", "url", "title", "caption", "category", "alt", "displayOrder", "isActive", "isFeatured", "createdAt") VALUES ('cmr6h0ctj007bhlcbqb92q91v', 'https://images.unsplash.com/photo-1622296089863-eb7fc530daa8?auto=format&fit=crop&w=800&h=800&q=88', NULL, NULL, 'Shop', 'Barbershop work', 5, 1, 0, 1783176100327);
INSERT INTO "GalleryImage" ("id", "url", "title", "caption", "category", "alt", "displayOrder", "isActive", "isFeatured", "createdAt") VALUES ('cmr6h0ctj007chlcbu330i501', 'https://images.unsplash.com/photo-1605497788044-5a32c7078486?auto=format&fit=crop&w=800&h=800&q=88', NULL, NULL, 'Cuts', 'Barbershop work', 6, 1, 0, 1783176100327);
INSERT INTO "GalleryImage" ("id", "url", "title", "caption", "category", "alt", "displayOrder", "isActive", "isFeatured", "createdAt") VALUES ('cmr6h0ctj007dhlcbrbs00et6', 'https://images.unsplash.com/photo-1622286342621-4bd786c2447c?auto=format&fit=crop&w=800&h=800&q=88', NULL, NULL, 'Shop', 'Barbershop work', 7, 1, 0, 1783176100327);
INSERT INTO "GalleryImage" ("id", "url", "title", "caption", "category", "alt", "displayOrder", "isActive", "isFeatured", "createdAt") VALUES ('cmr6h0ctj007ehlcbin4dm1n9', 'https://images.unsplash.com/photo-1503443207922-dff7d543fd0e?auto=format&fit=crop&w=800&h=800&q=88', NULL, NULL, 'Cuts', 'Barbershop work', 8, 1, 0, 1783176100327);

INSERT INTO "Testimonial" ("id", "author", "role", "sourceLabel", "rating", "text", "avatarUrl", "isApproved", "isFeatured", "displayOrder", "createdAt") VALUES ('cmr6h0ctm007fhlcblqwjvn2c', 'Daniel R.', 'Regular since 2009', NULL, 5, 'Best fade in Milton, hands down. Jo and the team treat you like family every single visit.', NULL, 1, 1, 0, 1783176100331);
INSERT INTO "Testimonial" ("id", "author", "role", "sourceLabel", "rating", "text", "avatarUrl", "isApproved", "isFeatured", "displayOrder", "createdAt") VALUES ('cmr6h0ctm007ghlcbn2xgdqij', 'Anthony M.', 'Local', NULL, 5, 'Old-school barbershop with modern skills. The hot-towel shave is an experience everyone should try.', NULL, 1, 1, 1, 1783176100331);
INSERT INTO "Testimonial" ("id", "author", "role", "sourceLabel", "rating", "text", "avatarUrl", "isApproved", "isFeatured", "displayOrder", "createdAt") VALUES ('cmr6h0ctm007hhlcbmqghi7zz', 'Sam K.', NULL, NULL, 5, 'Cosimo nailed exactly what I asked for. Sharp line-up and a clean blend — I won''t go anywhere else.', NULL, 1, 1, 2, 1783176100331);
INSERT INTO "Testimonial" ("id", "author", "role", "sourceLabel", "rating", "text", "avatarUrl", "isApproved", "isFeatured", "displayOrder", "createdAt") VALUES ('cmr6h0ctm007ihlcboqsu1o4e', 'George P.', 'Customer for 40 years', NULL, 5, 'Been coming here since Mike ran the chair. Same quality, same great conversation. A Milton institution.', NULL, 1, 1, 3, 1783176100331);
INSERT INTO "Testimonial" ("id", "author", "role", "sourceLabel", "rating", "text", "avatarUrl", "isApproved", "isFeatured", "displayOrder", "createdAt") VALUES ('cmr6h0ctm007jhlcbgmgrnsxe', 'Liam T.', NULL, NULL, 5, 'Booked online in two minutes and was in the chair on time. Loved the whole experience.', NULL, 1, 0, 4, 1783176100331);
INSERT INTO "Testimonial" ("id", "author", "role", "sourceLabel", "rating", "text", "avatarUrl", "isApproved", "isFeatured", "displayOrder", "createdAt") VALUES ('cmr6h0ctm007khlcbv4r87pw6', 'Priya S.', 'Brought my son in', NULL, 5, 'So patient and kind with my 6-year-old''s first real haircut. Highly recommend for kids.', NULL, 1, 0, 5, 1783176100331);

INSERT INTO "SiteSettings" ("id", "businessName", "tagline", "description", "logoUrl", "faviconUrl", "heroImageUrl", "heroHeadline", "heroSubheadline", "heroPrimaryCtaText", "heroPrimaryCtaHref", "heroSecondaryCtaText", "heroSecondaryCtaHref", "aboutTitle", "aboutBody", "phone", "email", "address", "city", "region", "postalCode", "country", "mapEmbedUrl", "latitude", "longitude", "timezone", "currency", "instagramUrl", "facebookUrl", "tiktokUrl", "youtubeUrl", "googleReviewUrl", "navBookText", "navBookHref", "showShopInNav", "showCartButton", "primaryAccentHex", "secondaryAccentHex", "seoTitle", "seoDescription", "openGraphImageUrl", "slotIntervalMin", "minNoticeMin", "maxAdvanceDays", "maxPerSlot", "cancellationCutoffHours", "depositRequired", "allowAnyBarber", "requireCustomerName", "requireCustomerEmail", "requireCustomerPhone", "requireCustomerNotes", "taxRatePct", "bookingPolicy", "cancellationPolicy", "latePolicy", "noShowPolicy", "depositPolicy", "privacyPolicy", "bookingInstructions", "bookingHelpText", "bookingNotesHelpText", "bookingConfirmationTitle", "bookingConfirmationText", "enableEmail", "enableSms", "updatedAt") VALUES ('singleton', 'Joseph & Mike''s Barbershop', 'A Cut Above — Where Tradition Meets Modernity', 'Milton''s downtown barbershop since 1966. Quality haircuts, fades, shaves and styling — walk-in or by appointment.', NULL, NULL, 'https://images.unsplash.com/photo-1503951914875-452162b0f3f1?auto=format&fit=crop&w=1600&h=1100&q=88', 'A Cut Above', 'Three generations of master barbers in the heart of downtown Milton. Where tradition meets modern craft.', 'Book Your Appointment', '/book', 'View Services', '/services', 'Our Story', 'Established in 1966 by Mike Boughton, Joseph & Mike''s is a downtown landmark — a place where relationships are forged, deep thoughts are shared, and plenty of laughs are had. After more than 50 years at the helm, Mike passed the reins to Joseph. Today, Jo runs the shop alongside his son Cosimo. The Pedulla family continues to uphold Mike''s legacy with the same personalized service the Milton community has loved for decades.', '905-878-3916', 'hello@josephandmikes.com', '148 Main Street East', 'Milton', 'Ontario', 'L9T 1N6', 'Canada', 'https://maps.google.com/maps?q=148+Main+Street+East,+Milton,+Ontario&t=&z=15&ie=UTF8&iwloc=&output=embed', 43.5183, -79.8774, 'America/Toronto', 'CAD', 'https://instagram.com', 'https://facebook.com', NULL, NULL, 'https://g.page', 'Book Now', '/book', 1, 1, '#c4942b', '#8b1e1e', NULL, NULL, NULL, 15, 120, 60, 1, 12, 0, 1, 1, 0, 0, 0, 13, 'Please arrive 5 minutes before your appointment. Walk-ins are always welcome based on availability.', 'You can reschedule or cancel free of charge up to 12 hours before your appointment.', 'If you are running late, please call the shop so we can protect the rest of the day''s schedule.', 'Missed appointments may require a deposit before future bookings.', 'Deposits, when enabled, are applied toward your service total.', 'We only use your contact details to manage your booking or respond to your message.', 'Choose a service, barber, date and time. You can manage your appointment from your confirmation link.', 'Real-time availability is shown from the shop schedule.', 'Style references, allergies, accessibility needs or anything the barber should know.', 'You''re booked in!', 'A confirmation is on its way. We can''t wait to see you.', 1, 1, 1783176099802);

INSERT INTO "NavigationLink" ("id", "area", "label", "href", "isActive", "openInNewTab", "displayOrder", "createdAt", "updatedAt") VALUES ('cmr6h0cf40000hlcbtpfdhsfx', 'header', 'Home', '/', 1, 0, 0, 1783176099808, 1783176099808);
INSERT INTO "NavigationLink" ("id", "area", "label", "href", "isActive", "openInNewTab", "displayOrder", "createdAt", "updatedAt") VALUES ('cmr6h0cf70001hlcbx9hkdt97', 'header', 'Services', '/services', 1, 0, 1, 1783176099812, 1783176099812);
INSERT INTO "NavigationLink" ("id", "area", "label", "href", "isActive", "openInNewTab", "displayOrder", "createdAt", "updatedAt") VALUES ('cmr6h0cfa0002hlcbadt6j6kx', 'header', 'Gallery', '/gallery', 1, 0, 2, 1783176099815, 1783176099815);
INSERT INTO "NavigationLink" ("id", "area", "label", "href", "isActive", "openInNewTab", "displayOrder", "createdAt", "updatedAt") VALUES ('cmr6h0cfe0003hlcbaekf9ipp', 'header', 'Shop', '/shop', 1, 0, 3, 1783176099818, 1783176099818);
INSERT INTO "NavigationLink" ("id", "area", "label", "href", "isActive", "openInNewTab", "displayOrder", "createdAt", "updatedAt") VALUES ('cmr6h0cfh0004hlcbegs71q1w', 'header', 'Our Story', '/story', 1, 0, 4, 1783176099822, 1783176099822);
INSERT INTO "NavigationLink" ("id", "area", "label", "href", "isActive", "openInNewTab", "displayOrder", "createdAt", "updatedAt") VALUES ('cmr6h0cfl0005hlcbp0sdemmb', 'header', 'Contact', '/contact', 1, 0, 5, 1783176099825, 1783176099825);
INSERT INTO "NavigationLink" ("id", "area", "label", "href", "isActive", "openInNewTab", "displayOrder", "createdAt", "updatedAt") VALUES ('cmr6h0cfo0006hlcbhyqst1nh', 'footer', 'Services & Pricing', '/services', 1, 0, 0, 1783176099829, 1783176099829);
INSERT INTO "NavigationLink" ("id", "area", "label", "href", "isActive", "openInNewTab", "displayOrder", "createdAt", "updatedAt") VALUES ('cmr6h0cfs0007hlcbgpi9u0na', 'footer', 'Book an Appointment', '/book', 1, 0, 1, 1783176099832, 1783176099832);
INSERT INTO "NavigationLink" ("id", "area", "label", "href", "isActive", "openInNewTab", "displayOrder", "createdAt", "updatedAt") VALUES ('cmr6h0cfw0008hlcbphs4btve', 'footer', 'Gallery', '/gallery', 1, 0, 2, 1783176099836, 1783176099836);
INSERT INTO "NavigationLink" ("id", "area", "label", "href", "isActive", "openInNewTab", "displayOrder", "createdAt", "updatedAt") VALUES ('cmr6h0cfz0009hlcb1tlf7fqv', 'footer', 'Shop Products', '/shop', 1, 0, 3, 1783176099839, 1783176099839);
INSERT INTO "NavigationLink" ("id", "area", "label", "href", "isActive", "openInNewTab", "displayOrder", "createdAt", "updatedAt") VALUES ('cmr6h0cg2000ahlcbknxafkn2', 'footer', 'Our Story', '/story', 1, 0, 4, 1783176099843, 1783176099843);
INSERT INTO "NavigationLink" ("id", "area", "label", "href", "isActive", "openInNewTab", "displayOrder", "createdAt", "updatedAt") VALUES ('cmr6h0cg6000bhlcb5hhcgs5r', 'footer', 'Contact', '/contact', 1, 0, 5, 1783176099846, 1783176099846);

INSERT INTO "PageContent" ("id", "pageKey", "eyebrow", "title", "subtitle", "body", "ctaText", "ctaHref", "secondaryCtaText", "secondaryCtaHref", "heroImageUrl", "heroVideoUrl", "seoTitle", "seoDescription", "ogImageUrl", "isActive", "createdAt", "updatedAt") VALUES ('cmr6h0cg9000chlcbkdejtlwg', 'home', 'Milton Barbershop', 'A Cut Above', 'Three generations of master barbers in the heart of downtown Milton. Where tradition meets modern craft.', NULL, NULL, NULL, NULL, NULL, NULL, NULL, NULL, NULL, NULL, 1, 1783176099850, 1783176099850);
INSERT INTO "PageContent" ("id", "pageKey", "eyebrow", "title", "subtitle", "body", "ctaText", "ctaHref", "secondaryCtaText", "secondaryCtaHref", "heroImageUrl", "heroVideoUrl", "seoTitle", "seoDescription", "ogImageUrl", "isActive", "createdAt", "updatedAt") VALUES ('cmr6h0cgd000dhlcbc1th7rfr', 'services', 'Services & Pricing', 'The full menu', 'Every service is finished with the care that''s kept Milton coming back since 1966.', NULL, 'Book an appointment', '/book', NULL, NULL, NULL, NULL, NULL, NULL, NULL, 1, 1783176099854, 1783176099854);
INSERT INTO "PageContent" ("id", "pageKey", "eyebrow", "title", "subtitle", "body", "ctaText", "ctaHref", "secondaryCtaText", "secondaryCtaHref", "heroImageUrl", "heroVideoUrl", "seoTitle", "seoDescription", "ogImageUrl", "isActive", "createdAt", "updatedAt") VALUES ('cmr6h0cgg000ehlcbcf84urax', 'booking', 'Booking', 'Book your chair', 'Real-time availability. Choose your service, barber and time -- confirmed instantly.', NULL, NULL, NULL, NULL, NULL, NULL, NULL, NULL, NULL, NULL, 1, 1783176099857, 1783176099857);
INSERT INTO "PageContent" ("id", "pageKey", "eyebrow", "title", "subtitle", "body", "ctaText", "ctaHref", "secondaryCtaText", "secondaryCtaHref", "heroImageUrl", "heroVideoUrl", "seoTitle", "seoDescription", "ogImageUrl", "isActive", "createdAt", "updatedAt") VALUES ('cmr6h0cgk000fhlcbpqk2ocl8', 'gallery', 'Gallery', 'The work speaks for itself', 'Fresh cuts, sharp fades and clean shaves from the chairs at Joseph & Mike''s.', NULL, 'Book your cut', '/book', NULL, NULL, NULL, NULL, NULL, NULL, NULL, 1, 1783176099860, 1783176099860);
INSERT INTO "PageContent" ("id", "pageKey", "eyebrow", "title", "subtitle", "body", "ctaText", "ctaHref", "secondaryCtaText", "secondaryCtaHref", "heroImageUrl", "heroVideoUrl", "seoTitle", "seoDescription", "ogImageUrl", "isActive", "createdAt", "updatedAt") VALUES ('cmr6h0cgn000ghlcbyou0s8d8', 'shop', 'The Shop', 'Take the shop home', 'Barber-grade grooming products to keep you sharp between visits. Order online for in-store pickup.', NULL, NULL, NULL, NULL, NULL, NULL, NULL, NULL, NULL, NULL, 1, 1783176099864, 1783176099864);
INSERT INTO "PageContent" ("id", "pageKey", "eyebrow", "title", "subtitle", "body", "ctaText", "ctaHref", "secondaryCtaText", "secondaryCtaHref", "heroImageUrl", "heroVideoUrl", "seoTitle", "seoDescription", "ogImageUrl", "isActive", "createdAt", "updatedAt") VALUES ('cmr6h0cgq000hhlcbpefe335f', 'story', 'Since 1966', 'Our Story', 'Three generations of barbering in downtown Milton.', NULL, NULL, NULL, NULL, NULL, NULL, NULL, NULL, NULL, NULL, 1, 1783176099867, 1783176099867);
INSERT INTO "PageContent" ("id", "pageKey", "eyebrow", "title", "subtitle", "body", "ctaText", "ctaHref", "secondaryCtaText", "secondaryCtaHref", "heroImageUrl", "heroVideoUrl", "seoTitle", "seoDescription", "ogImageUrl", "isActive", "createdAt", "updatedAt") VALUES ('cmr6h0cgu000ihlcb2shdtm77', 'contact', 'Get in Touch', 'Visit the shop', 'Walk in, call ahead, or drop us a line -- we''d love to hear from you.', NULL, NULL, NULL, NULL, NULL, NULL, NULL, NULL, NULL, NULL, 1, 1783176099870, 1783176099870);
INSERT INTO "PageContent" ("id", "pageKey", "eyebrow", "title", "subtitle", "body", "ctaText", "ctaHref", "secondaryCtaText", "secondaryCtaHref", "heroImageUrl", "heroVideoUrl", "seoTitle", "seoDescription", "ogImageUrl", "isActive", "createdAt", "updatedAt") VALUES ('cmr6h0cgx000jhlcb4hq1zobq', 'faq', 'FAQ', 'Questions & Policies', 'Booking, cancellation and shop policies in one place.', NULL, NULL, NULL, NULL, NULL, NULL, NULL, NULL, NULL, NULL, 1, 1783176099873, 1783176099873);

INSERT INTO "HomeSection" ("id", "sectionKey", "label", "eyebrow", "title", "subtitle", "ctaText", "ctaHref", "isVisible", "itemLimit", "displayOrder", "createdAt", "updatedAt") VALUES ('cmr6h0ch0000khlcb3mrcdluf', 'stats', 'Stats', NULL, NULL, NULL, NULL, NULL, 1, 4, 0, 1783176099877, 1783176099877);
INSERT INTO "HomeSection" ("id", "sectionKey", "label", "eyebrow", "title", "subtitle", "ctaText", "ctaHref", "isVisible", "itemLimit", "displayOrder", "createdAt", "updatedAt") VALUES ('cmr6h0ch3000lhlcb7saw8e6k', 'story', 'Story preview', 'Our Story', 'Three generations behind the chair', NULL, 'Read our story', '/story', 1, 0, 1, 1783176099880, 1783176099880);
INSERT INTO "HomeSection" ("id", "sectionKey", "label", "eyebrow", "title", "subtitle", "ctaText", "ctaHref", "isVisible", "itemLimit", "displayOrder", "createdAt", "updatedAt") VALUES ('cmr6h0ch7000mhlcbglf9xybo', 'services', 'Featured services', 'Services & Pricing', 'Crafted cuts, classic care', 'From precision fades to the traditional hot-towel shave -- every service finished to perfection.', 'View all services', '/services', 1, 6, 2, 1783176099883, 1783176099883);
INSERT INTO "HomeSection" ("id", "sectionKey", "label", "eyebrow", "title", "subtitle", "ctaText", "ctaHref", "isVisible", "itemLimit", "displayOrder", "createdAt", "updatedAt") VALUES ('cmr6h0cha000nhlcbe66u6jlb', 'barbers', 'Featured barbers', 'The Team', 'Meet your barbers', 'Skilled hands, sharp eyes, and decades of combined experience.', NULL, NULL, 1, 3, 3, 1783176099887, 1783176099887);
INSERT INTO "HomeSection" ("id", "sectionKey", "label", "eyebrow", "title", "subtitle", "ctaText", "ctaHref", "isVisible", "itemLimit", "displayOrder", "createdAt", "updatedAt") VALUES ('cmr6h0che000ohlcb579dhcms', 'gallery', 'Gallery preview', 'Gallery', 'The work speaks for itself', NULL, 'View full gallery', '/gallery', 1, 9, 4, 1783176099890, 1783176099890);
INSERT INTO "HomeSection" ("id", "sectionKey", "label", "eyebrow", "title", "subtitle", "ctaText", "ctaHref", "isVisible", "itemLimit", "displayOrder", "createdAt", "updatedAt") VALUES ('cmr6h0chh000phlcbcuvsot18', 'reviews', 'Reviews', 'Reviews', 'Loved by Milton', NULL, NULL, NULL, 1, 8, 5, 1783176099893, 1783176099893);
INSERT INTO "HomeSection" ("id", "sectionKey", "label", "eyebrow", "title", "subtitle", "ctaText", "ctaHref", "isVisible", "itemLimit", "displayOrder", "createdAt", "updatedAt") VALUES ('cmr6h0chk000qhlcb0hbak57n', 'products', 'Featured products', 'The Shop', 'Take the shop home', 'Premium grooming products hand-picked by our barbers.', 'Shop all products', '/shop', 1, 4, 6, 1783176099897, 1783176099897);
INSERT INTO "HomeSection" ("id", "sectionKey", "label", "eyebrow", "title", "subtitle", "ctaText", "ctaHref", "isVisible", "itemLimit", "displayOrder", "createdAt", "updatedAt") VALUES ('cmr6h0cho000rhlcbffprygdl', 'visit', 'Hours and location', 'Visit Us', 'Hours & location', NULL, 'Book an appointment', '/book', 1, 0, 7, 1783176099900, 1783176099900);
INSERT INTO "HomeSection" ("id", "sectionKey", "label", "eyebrow", "title", "subtitle", "ctaText", "ctaHref", "isVisible", "itemLimit", "displayOrder", "createdAt", "updatedAt") VALUES ('cmr6h0chr000shlcb1r7y4r8y', 'cta', 'Final call to action', NULL, 'Ready for your best cut yet?', 'Book online in under a minute. Walk-ins always welcome.', 'Book Now', '/book', 1, 0, 8, 1783176099904, 1783176099904);

INSERT INTO "SiteStat" ("id", "label", "value", "suffix", "icon", "isActive", "displayOrder", "createdAt", "updatedAt") VALUES ('cmr6h0chv000thlcbpvhvu28i', 'Years of craft', 58, '+', 'award', 1, 0, 1783176099907, 1783176099907);
INSERT INTO "SiteStat" ("id", "label", "value", "suffix", "icon", "isActive", "displayOrder", "createdAt", "updatedAt") VALUES ('cmr6h0chv000uhlcb029hc1tr', 'Cuts delivered', 12000, '+', 'users', 1, 1, 1783176099907, 1783176099907);
INSERT INTO "SiteStat" ("id", "label", "value", "suffix", "icon", "isActive", "displayOrder", "createdAt", "updatedAt") VALUES ('cmr6h0chv000vhlcblrafcxgo', 'Master barbers', 3, '', 'scissors', 1, 2, 1783176099907, 1783176099907);
INSERT INTO "SiteStat" ("id", "label", "value", "suffix", "icon", "isActive", "displayOrder", "createdAt", "updatedAt") VALUES ('cmr6h0chv000whlcbhsbcemd9', 'Average rating', 5, ' stars', 'sparkles', 1, 3, 1783176099907, 1783176099907);

INSERT INTO "FaqItem" ("id", "question", "answer", "category", "isActive", "displayOrder", "createdAt", "updatedAt") VALUES ('cmr6h0cij0013hlcbwuv6dabp', 'Do you take walk-ins?', 'Yes. Walk-ins are welcome when a chair is free, and booking ahead is the best way to guarantee a time.', 'Booking', 1, 0, 1783176099931, 1783176099931);
INSERT INTO "FaqItem" ("id", "question", "answer", "category", "isActive", "displayOrder", "createdAt", "updatedAt") VALUES ('cmr6h0cij0014hlcbrcfpgvdi', 'Can I choose my barber?', 'Yes. Pick a specific barber or choose any available barber for the fastest options.', 'Booking', 1, 1, 1783176099931, 1783176099931);
INSERT INTO "FaqItem" ("id", "question", "answer", "category", "isActive", "displayOrder", "createdAt", "updatedAt") VALUES ('cmr6h0cij0015hlcb7up0mqd3', 'How do I reschedule?', 'Use the secure manage-booking link from your confirmation screen or message.', 'Booking', 1, 2, 1783176099931, 1783176099931);

INSERT INTO "PolicyItem" ("id", "key", "title", "body", "isActive", "displayOrder", "createdAt", "updatedAt") VALUES ('cmr6h0chy000xhlcbzv8786gz', 'cancellation', 'Cancellation policy', 'You can reschedule or cancel free of charge up to 12 hours before your appointment.', 1, 0, 1783176099910, 1783176099910);
INSERT INTO "PolicyItem" ("id", "key", "title", "body", "isActive", "displayOrder", "createdAt", "updatedAt") VALUES ('cmr6h0ci1000yhlcbliupkg92', 'late', 'Late policy', 'If you are running late, please call the shop. We may need to shorten or reschedule appointments that arrive too late.', 1, 1, 1783176099914, 1783176099914);
INSERT INTO "PolicyItem" ("id", "key", "title", "body", "isActive", "displayOrder", "createdAt", "updatedAt") VALUES ('cmr6h0ci5000zhlcbbcywub9n', 'no_show', 'No-show policy', 'Missed appointments may require a deposit before future bookings.', 1, 2, 1783176099917, 1783176099917);
INSERT INTO "PolicyItem" ("id", "key", "title", "body", "isActive", "displayOrder", "createdAt", "updatedAt") VALUES ('cmr6h0ci80010hlcb7el99asf', 'deposit', 'Deposit/payment policy', 'Deposits, when enabled, are applied toward your service total.', 1, 3, 1783176099921, 1783176099921);
INSERT INTO "PolicyItem" ("id", "key", "title", "body", "isActive", "displayOrder", "createdAt", "updatedAt") VALUES ('cmr6h0cic0011hlcbue6tlucr', 'privacy', 'Privacy note', 'We only use your contact details to manage your booking or respond to your message.', 1, 4, 1783176099924, 1783176099924);
INSERT INTO "PolicyItem" ("id", "key", "title", "body", "isActive", "displayOrder", "createdAt", "updatedAt") VALUES ('cmr6h0cif0012hlcby4mepz40', 'booking', 'Booking instructions', 'Choose a service, barber, date and time. You can manage your appointment from your confirmation link.', 1, 5, 1783176099927, 1783176099927);

INSERT INTO "TimelineItem" ("id", "label", "title", "body", "imageUrl", "isActive", "displayOrder", "createdAt", "updatedAt") VALUES ('cmr6h0cim0016hlcb65080o2j', '1966', 'Mike opens the shop', 'Joseph & Mike''s becomes a downtown Milton fixture.', NULL, 1, 0, 1783176099934, 1783176099934);
INSERT INTO "TimelineItem" ("id", "label", "title", "body", "imageUrl", "isActive", "displayOrder", "createdAt", "updatedAt") VALUES ('cmr6h0cim0017hlcbb3j3y0xi', 'Today', 'The Pedulla family carries it forward', 'Joseph and Cosimo keep the classic shop spirit sharp with modern booking and service.', NULL, 1, 1, 1783176099934, 1783176099934);
